area,country,damageAmountOrder,day,deaths,deathsAmountOrder,distFromSource,doubtful,earthquakeEventId,firstMotion,hour,housesDamagedAmountOrder,housesDestroyed,housesDestroyedAmountOrder,id,latitude,locationName,longitude,minute,month,publish,regionCode,runupHoriz,runupHt,sourceCauseCode,sourceEqMagnitude,sourceEventValidity,sourceOceanicTsunami,tsunamiEventId,typeMeasurementId,year
,GREECE,,,,3,66.67001671332667,n,17,,,,,,2,40.3,"POTIDAEA, MACEDONIA",23.33,,,True,50,,,1,7,2,True,9,1,-479
,GREECE,1,,,,42.51676218299879,n,5878,,,,,,3,38.675,ATALANTI ISLAND,23.096,,6,True,50,,,1,7.1,4,True,10,1,-426
,GREECE,,,,,142.51688479635027,n,5878,,,,,,4,40.173,CENEUM,22.487,,6,True,50,,,1,7.1,4,True,10,1,-426
,GREECE,,,,,22.333983218806615,n,5878,,,,,,5,38.747,DAPHNUS,22.867,,6,True,50,,,1,7.1,4,True,10,1,-426
,GREECE,,,,,91.65968294551325,n,5878,,,,,,6,39.12,SKOPELOS,23.72,,6,True,50,,,1,7.1,4,True,10,1,-426
,GREECE,,,,,44.58989350057096,n,5878,,,,,,7,38.633,OPOUS,23.0833,,6,True,50,800,,1,7.1,4,True,10,1,-426
,GREECE,2,,,,59.1454424970444,n,5883,,,,,2,9,36.167,ISLAND OF RHODES,28,,,True,50,,,1,7,3,True,27,1,142
,GREECE,2,,,,20.21041909742014,n,5883,,,,,2,10,36.58,ISLAND OF SYMI,27.83,,,True,50,,,1,7,3,True,27,1,142
,GREECE,2,,,,66.99143048753322,n,5883,,,,,2,11,36.8933,ISLAND OF KOS,27.2889,,,True,50,,,1,7,3,True,27,1,142
,GREECE,2,,,,315.8004967237638,n,5883,,,,,2,12,37.15,ISLAND OF SERIFOS,24.5,,,True,50,,,1,7,3,True,27,1,142
,GREECE,2,21,5000,4,200.2407585807033,n,95,,,,,,16,35.3,"KNOSSOS, CRETE",25.167,,7,True,50,,,1,8,4,True,38,1,365
,GREECE,2,21,,,377.5764470828519,n,95,,,,,,17,38.25,"ACHAEA, PELOPONNESUS",21.75,,7,True,50,,,1,8,4,True,38,1,365
,GREECE,1,21,,,233.2271120490051,n,95,,,,,,18,36.818,"METHONI, PELOPONNESUS",21.703,,7,True,50,,,1,8,4,True,38,1,365
,BULGARIA,3,,,3,324.099089238039,n,5889,,,,,,24,43.2167,ODESSOS (VARNA),27.9167,,,True,40,,,1,6.8,3,True,43,1,543
,BULGARIA,3,,,3,347.5090269673529,n,5889,,,,,,25,43.4167,DIONISIOUPOLIS (BALCHIK),28.1667,,,True,40,,,1,6.8,3,True,43,1,543
,CYPRUS,3,,,3,753.7728954961526,n,5889,,,,,,26,35.4041667,APHRODISIO,33.7416667,,,True,50,,,1,6.8,3,True,43,1,543
,TURKEY,,,,,107.74642144687846,n,5889,,,,,,27,39.583333,GULF OF EDREMIT,26.95,,,True,50,,,1,6.8,3,True,43,1,543
,TURKEY,,15,,,,n,5892,,,,,,32,,GULF OF ANTALYA,,,8,True,50,,,1,7,3,True,48,1,554
,GREECE,,15,,,10.401169129144574,n,5892,,,,,,33,36.8933,ISLAND OF KOS,27.2889,,8,True,50,,,1,7,3,True,48,1,554
MIE,JAPAN,,29,,,254.7009991563298,n,162,,,,,,34,33.917,ATASHIKA,136.15,,11,True,85,,3,1,8.4,4,True,53,1,684
KOCHI,JAPAN,,29,,,123.63412893231218,n,162,,,,,,35,33.51,TOSA,133.44,,11,True,85,,,1,8.4,4,True,53,1,684
KYOTO,JAPAN,,12,,,34.53634909503185,n,5894,,,,,,36,35.87,"TANGO, KYOTO",135.08,,5,True,85,,,1,7,4,True,54,1,701
,JAPAN,,2,,,,n,5895,,,,,,37,,KUMAMONADA,,,8,True,85,,,1,7,4,True,55,1,704
,TURKEY,,26,,,41.83153369412109,n,171,,,,,,38,41,THRACIAN COAST,29,,10,True,50,,,1,7.3,2,True,56,1,740
KUMAMOTO,JAPAN,3,30,1520,4,51.24757842607474,n,9810,,,,470,3,39,32.83,KUMAMOTO,130.7,,6,True,85,,,1,6.4,4,True,57,1,744
OSAKA,JAPAN,,9,,3,11.429870283392235,n,5896,,,,,,40,34.5,OSAKA BAY,135.33,,6,True,85,,,1,6.5,3,True,58,1,745
IBARAKI,JAPAN,,18,,,,n,,,,,,,42,36.58,HITACHI,140.67,,9,True,85,,2,0,,2,True,63,1,799
FUKUSHIMA,JAPAN,,13,,,300.72378516998765,n,247,,,,,,45,37.07,IWAKI,140.9,,7,True,85,,,1,8.6,4,True,74,1,869
MIYAGI,JAPAN,3,13,1000,3,243.13139693547646,n,247,,,,,3,46,38.267,SENDAI,141.033,,7,True,85,,,1,8.6,4,True,74,1,869
MIYAGI,JAPAN,1,13,,,245.58485412497976,n,247,,,,,,47,38.3,SHIOGAMA,141,,7,True,85,,,1,8.6,4,True,74,1,869
IWATE,JAPAN,,13,,,207.7942232761604,n,247,,,,,,48,39.74,RIKUCHU,142,,7,True,85,,,1,8.6,4,True,74,1,869
NIIGATA,JAPAN,,2,2000,4,95.86480307412461,n,5900,,,,,,49,37.92,S. COAST NIIGATA PREFECTURE,139.05,,8,True,85,,4,1,6.5,3,True,76,1,887
KANAGAWA,JAPAN,2,26,,,475.3404832722031,n,262,,,,,,50,35.3,HIYUGA,139.65,,8,True,85,,,1,8.6,4,True,77,1,887
OSAKA,JAPAN,2,26,,2,166.40006992242587,n,262,,,,,,51,34.5,OSAKA BAY,135.33,,8,True,85,,,1,8.6,4,True,77,1,887
SHIMANE,JAPAN,,16,1000,3,58.302615185299665,n,5902,,,,,,52,34.88,IWAMI COAST,132.43,,6,True,85,,10,1,7.5,3,True,83,1,1026
,ISRAEL,3,29,,3,278.90395117989306,n,361,,,,,,56,32.011,HOLON,34.772,,5,True,50,,,1,,3,True,90,1,1068
YAMAGATA,JAPAN,,17,,,77.5804873427869,n,375,,,,,,57,34.62,ATSUMI,137.11,,12,True,85,,7,1,8.4,4,True,96,1,1096
MIE,JAPAN,,17,,,116.87710413011844,n,375,,,,,,58,34.69,MIE,136.54,,12,True,85,,,1,8.4,4,True,96,1,1096
SHIZUOKA,JAPAN,,17,,,136.57099176562537,n,375,,,,,,59,34.98,SHIZUOKA,138.4,,12,True,85,,,1,8.4,4,True,96,1,1096
MIE,JAPAN,,17,,,120.4301250817772,n,375,,,,,,60,34.717,TSU,136.517,,12,True,85,,5,1,8.4,4,True,96,1,1096
,UK,,11,,,0.0,n,,,,,,,61,50.116,"SAINT MICHAEL'S MOUNT, ENGLAND",-5.483,,11,True,73,,,0,,1,True,97,1,1099
,CYPRUS,,11,,,58.39197867490367,n,5936,,6,,,,63,34.67,LIMASSOL,33.03,15,5,True,50,,,1,6.6,3,True,101,1,1222
,CYPRUS,,11,,,2.1410122406048875,n,5936,,6,,,,64,34.76,PAPHOS,32.42,15,5,True,50,,,1,6.6,3,True,101,1,1222
KANAGAWA,JAPAN,,22,,,18.236848692539752,n,5937,,,,,,65,35.309,KAMAKURA,139.55,,5,True,85,,,1,7,4,True,104,1,1241
,EGYPT,1,8,70,2,501.79169490311364,n,5940,,,,,,66,31.2,ALEXANDRIA,29.919,,8,True,50,,,1,8,3,True,111,1,1303
,GREECE,1,8,,1,170.01045075893984,n,5940,,,,,1,67,35.339,"HERAKLION (IRAKLION), CRETE",25.18,,8,True,50,,,1,8,3,True,111,1,1303
AOMORI,JAPAN,,31,2600,4,70.1626361157376,n,5942,,,,,,69,41.033,JUSAN-MINATO,140.333,,10,True,85,,,1,7,3,True,116,1,1341
,TURKEY,2,18,,3,64.26389762507065,n,5943,,,,,2,70,41.03,ISTANBUL (CONSTANTINOPLE),29,,10,True,50,,,1,7.5,4,True,3114,1,1343
OSAKA,JAPAN,,22,,3,157.378216185687,n,6003,,,,,,71,34.667,OSAKA BAY,135.433,,11,True,85,,,1,7,4,True,122,1,1360
TOKUSHIMA,JAPAN,,3,60,2,123.3000660902813,n,556,,,,,,72,34.06,AWA,134.6,,8,True,85,,,1,8.4,4,True,124,1,1361
OSAKA,JAPAN,,3,600,3,194.15729062005965,n,556,,,,,,73,34.7,"NAMBAURA, OSAKA",135.5,,8,True,85,,,1,8.4,4,True,124,1,1361
OSAKA,JAPAN,2,3,200,3,188.7783518672849,n,556,,,,,,74,34.65,"NANIWA, OSAKA",135.5,,8,True,85,,,1,8.4,4,True,124,1,1361
TOKUSHIMA,JAPAN,,3,,,135.9431779307534,n,556,,,,,,75,34.183,"NARUTO, TOKUSHIMA",134.617,,8,True,85,,,1,8.4,4,True,124,1,1361
TOKUSHIMA,JAPAN,4,3,200,3,92.85426550013767,n,556,,,,1700,4,76,33.767,"YUKI PORT, TOKUSHIMA",134.6,,8,True,85,,,1,8.4,4,True,124,1,1361
,GREECE,1,20,,,14.762800082004182,n,573,,,,,,77,38.368,CHIOS,26.136,,3,True,50,300,,1,6.7,3,True,126,1,1389
IBARAKI,JAPAN,,6,,,,n,,,21,,,,78,36.54,"KAWARAGO AISE, HITACHI",140.64,,9,True,85,,,0,,3,True,132,1,1420
TOYAMA,JAPAN,,19,,,123.76359069885635,n,5947,,,,,,79,36.7,TOYAMA BAY-NIIGATA,137.23,,9,True,85,,,1,7,3,True,136,1,1448
,GREECE,3,3,,3,18.53041177670784,n,635,,,,,,80,36.167,ISLAND OF RHODES,28,,5,True,50,,3,1,7.1,4,True,137,1,1481
KANAGAWA,JAPAN,,12,,,23.63014611509855,n,651,,,,,,82,35.309,KAMAKURA,139.55,,9,True,85,,5,1,7.1,4,True,142,1,1495
TOKYO,JAPAN,,20,1,1,184.20080584914632,n,7383,,,,,,84,33.1,"YAENE, HACHIJO ISLAND",139.767,,9,True,85,,,1,8.3,4,True,146,1,1498
MIE,JAPAN,4,20,5000,4,136.926982718586,n,7383,,,,1000,3,85,34.517,OMINATO (ISE),136.75,,9,True,85,,10,1,8.3,4,True,146,1,1498
SHIZUOKA,JAPAN,,20,26000,4,98.53189611058171,n,7383,,,,,,86,34.867,YAIZU,138.333,,9,True,85,,,1,8.3,4,True,146,1,1498
SHIZUOKA,JAPAN,,20,,,88.6384255327165,n,7383,,,,,,87,34.683,LAKE HAMANA,137.6,,9,True,85,,,1,8.3,4,True,146,1,1498
HI,USA,,,,3,,n,6697,,,,,,88,21.05,"KALAELOA, MOLOKAI, HI",-156.85,,,True,80,,,0,,2,True,147,1,1500
,TURKEY,,10,,,76.82699186140388,n,670,,,,,,89,41.019,ISTANBUL (CONSTANTINOPLE),28.965,,9,True,50,,,1,7.7,3,True,152,1,1509
OSAKA,JAPAN,,21,,,14.391220807033571,n,5950,,,,,,90,34.7,NANIWA (OSAKA),135.5,,9,True,85,,,1,6.7,4,True,154,1,1510
WAKAYAMA,JAPAN,1,4,,,47.74077009090973,n,5951,,,,,2,91,33.5,SOUTH COAST OF KII PENINSULA,135.8,,4,True,85,,,1,7,4,True,160,1,1520
,VENEZUELA,1,1,,,26.3797867989274,n,701,,14,,,,92,10.483,CUMANA,-64.2,30,9,True,74,500,6,1,,4,True,163,1,1530
,VENEZUELA,,1,,,15.808264678244193,n,701,,14,,,,93,10.817,ISLA CUBAGUA,-64.183,30,9,True,74,,6,1,,4,True,163,1,1530
,VENEZUELA,,1,,,211.6425671092444,n,701,,14,,,,94,10.627,PARIA,-62.167,30,9,True,74,,7.3,1,,4,True,163,1,1530
,PORTUGAL,1,26,,,18.940275342287638,n,704,,,,,,96,38.68333,LISBON,-9.31666,,1,True,73,,,1,7.7,4,True,165,1,1531
,HONDURAS,,24,,,264.6849709798531,n,5952,,,,,,97,16.017,CABO DE HIGUERAS,-86.033,,11,True,74,,,1,,2,True,168,1,1539
,VENEZUELA,1,1,,,26.3797867989274,n,715,,,,,,99,10.483,CUMANA,-64.2,,9,True,74,,,1,,1,True,170,1,1543
BIOBIO,CHILE,3,8,2000,4,2.4216267053997855,n,757,F,13,,,,101,-36.733,OLD CONCEPCION,-72.983,,2,True,89,,,1,8.3,3,True,179,1,1570
,NETHERLANDS,,1,,,,n,,,,,,,102,,HOLLAND,,,11,True,73,,,0,,1,True,182,1,1571
BIOBIO,CHILE,,16,,,340.97076328964937,n,767,,18,,,,103,-36.733,OLD CONCEPCION,-72.983,30,12,True,89,,,1,8.5,3,True,185,1,1575
LOS RIOS,CHILE,2,16,100,2,2.8262014325604485,n,767,,18,,,2,104,-39.8,VALDIVIA,-73.233,30,12,True,89,,,1,8.5,3,True,185,1,1575
,UK,,6,,,12.691954120304544,n,771,,,,,,105,51.133,"DOVER, UNITED KINGDOM",1.316,,4,True,73,,,1,6.2,0,True,187,7,1580
,UK,,6,,,29.41827505157096,n,771,,,,,,106,51.283,"SANDWICH, UNITED KINGDOM",1.333,,4,True,73,,,1,6.2,0,True,187,7,1580
CALLAO,PERU,1,10,,,65.93760531294487,n,786,,0,,,,113,-12.05,CALLAO,-77.15,30,7,True,89,250,24,1,8.5,4,True,194,1,1586
LIMA,PERU,1,10,,,65.85604726320037,n,786,,0,,,,114,-12.1,LIMA,-77.13,30,7,True,89,10000,26,1,8.5,4,True,194,1,1586
AICHI,JAPAN,3,21,,3,98.60006643623902,n,6038,,,3,,3,116,34.7,MIKAWA,137.13,,3,True,85,,,1,6.7,4,True,197,1,1589
SHIZUOKA,JAPAN,3,21,,3,34.9263059181257,n,6038,,,,,3,117,34.83,SURUGA-WAN,138.58,,3,True,85,,,1,6.7,4,True,197,1,1589
SHIZUOKA,JAPAN,3,21,,3,24.962188910216216,n,6038,,,,,3,118,34.967,TOTOMI,138.383,,3,True,85,,,1,6.7,4,True,197,1,1589
,AZORES (PORTUGAL),1,26,,,0.3329770380203863,n,802,,,,,,119,37.78,"ILHA DE SAO MIGUEL, AZORES",-25.5,,7,True,73,,,1,,1,True,199,1,1591
ARICA Y PARINACOTA,CHILE,2,24,23,1,91.35360013124867,n,826,,18,,,3,125,-18.467,ARICA,-70.333,30,11,True,89,100,,1,8.5,4,True,212,1,1604
AREQUIPA,PERU,1,24,40,1,234.13710061563404,n,826,,18,,,,126,-16.623,CAMANA,-72.711,30,11,True,89,2000,,1,8.5,4,True,212,1,1604
BIOBIO,CHILE,1,24,,,2098.7856309151566,n,826,,18,,,,127,-36.733,OLD CONCEPCION,-72.983,30,11,True,89,300,5,1,8.5,4,True,212,1,1604
ICA,PERU,1,24,,,729.9094437313091,n,826,,18,,,,128,-13.71,PISCO,-76.22,30,11,True,89,,,1,8.5,4,True,212,1,1604
KOCHI,JAPAN,,3,350,3,81.36088984976075,n,833,,,,,,131,33.533,KANNOURA,134.3,,2,True,85,,6,1,7.9,4,True,216,1,1605
TOKUSHIMA,JAPAN,,3,,,120.8260839154159,n,833,,,,,,132,34.06,AWA,134.6,,2,True,85,,7,1,7.9,4,True,216,1,1605
KANAGAWA,JAPAN,2,3,,,117.59033549453012,n,833,,,,700,3,133,34.0333,HIRO,135.1833,,2,True,85,,,1,7.9,4,True,216,1,1605
TOKYO,JAPAN,2,3,57,2,126.32717724093162,n,834,,,,,3,134,33.1,HACHIJO ISLAND,139.77,,2,True,85,,,1,7.9,4,True,2954,1,1605
KOCHI,JAPAN,,3,50,1,76.59725867240003,n,833,,,,,,135,33.3833,SAKIHAMA,134.2167,,2,True,85,,10,1,7.9,4,True,216,1,1605
KOCHI,JAPAN,,3,400,3,76.7075464740539,n,833,,,,,,137,33.2833,CAPE MUROTO,134.15,,2,True,85,,10,1,7.9,4,True,216,1,1605
TOKUSHIMA,JAPAN,,3,136,3,83.08995572953769,n,833,,,,,,138,33.567,SHISHIKUI,134.317,,2,True,85,,6,1,7.9,4,True,216,1,1605
KANAGAWA,JAPAN,,3,153,3,209.05610135339595,n,834,,,,,,139,35.14,MIURA,139.6192,,2,True,85,,,1,7.9,4,True,2954,1,1605
HOKKAIDO,JAPAN,,2,1783,4,492.28156975043424,n,856,,,,,,140,42.4681,DATE DOMINION,140.8681,,12,True,85,,,1,8.1,4,True,226,1,1611
AOMORI,JAPAN,,2,3000,4,380.97569770069725,n,856,,,,,,141,40.83,TSUGORU PENINSULA,140.73,,12,True,85,,,1,8.1,4,True,226,1,1611
IWATE,JAPAN,,2,,,233.73689802135786,n,856,,,,,,142,39.76,TARO,141.97,,12,True,85,1200,25,1,8.1,4,True,226,1,1611
IWATE,JAPAN,,2,,,226.18271429261546,n,856,,,,,,144,39.467,YAMADA,141.95,,12,True,85,,25,1,8.1,4,True,226,1,1611
NIIGATA,JAPAN,,26,,3,49.61910633707732,n,869,,,,,,146,37.1,TAKADA,138.25,,11,True,85,,,1,7.7,4,True,228,1,1614
IWATE,JAPAN,,9,,3,129.94738069097139,n,877,,,,,,147,39.267,KAMAISHI,141.883,,9,True,85,,,1,7,4,True,231,1,1616
IWATE,JAPAN,,9,,3,138.95037809121771,n,877,,,,,,148,39.35,OTSUCHI,141.917,,9,True,85,,,1,7,4,True,231,1,1616
IWATE,JAPAN,,9,,3,129.94738069097139,n,877,,,,,,149,39.267,UNOSUMAI (KAMAISHI),141.883,,9,True,85,,,1,7,4,True,231,1,1616
IWATE,JAPAN,,6,100,2,228.19956640758926,n,5960,,,,,,150,39.267,KAMAISHI,141.883,,12,True,85,,,1,7.5,2,True,233,1,1616
IWATE,JAPAN,,6,100,2,226.5522610256772,n,5960,,,,,,151,39.35,OTSUCHI,141.917,,12,True,85,,,1,7.5,2,True,233,1,1616
IWATE,JAPAN,,6,100,2,228.19956640758926,n,5960,,,,,,152,39.267,UNOSUMAI (KAMAISHI),141.883,,12,True,85,,,1,7.5,2,True,233,1,1616
,JAPAN,,1,,,,n,5961,,,,,,153,,MUGISHIMA,,,5,True,85,,,1,6.4,4,True,235,1,1619
,GREECE,,5,,,22.858193708759103,n,893,,,,,,154,37.79,ISLAND OF ZAKYNTHOS (ZAKINTHOS),20.9,,5,True,50,,,1,6.6,2,True,236,1,1622
,PHILIPPINES,,,,,44.27446606339188,n,5962,,,,,,155,18.3,"CAGAYAN, W. LUZON",121.8,,9,True,84,4800,,1,7.5,3,True,238,1,1627
,GREECE,,9,,,182.16339608848529,n,5964,,9,,,,156,36.25,KYTHIRA ISLAND,23,,3,True,50,,,1,7,3,True,3789,1,1629
MALUKU,INDONESIA,1,1,5,1,7.851272890676844,n,5965,,,,,1,157,-4.529,"BANDANAIRA (BANDA-NEIRA), BANDA IS.",129.9,,8,True,83,,16,1,,3,True,243,1,1629
MALUKU,INDONESIA,2,1,,,7.852240795926649,n,5965,,,,,2,159,-4.529,"FORT NASSAU, BANDA ISLAND",129.898889,,8,True,83,,16,1,,3,True,243,1,1629
MALUKU,INDONESIA,1,1,,,6.63175794551116,n,5965,,,,,,160,-4.55,"LONTOR, BANDA ISLANDS",129.867,,8,True,83,,4,1,,3,True,243,1,1629
SHIZUOKA,JAPAN,2,1,,,17.15109521662502,n,925,,,,,,161,35.089,ATAMI,139.069,,3,True,85,,,1,7.1,4,True,245,1,1633
LOS LAGOS,CHILE,1,14,,1,9.451952904361006,n,5966,,,,,1,162,-41.7497,"FORT CARELMAPU, ISLA DE CHILOE",-73.7083,,5,True,89,,,1,,3,True,246,1,1633
,GREECE,1,5,,,22.858193708759103,n,926,,,,,,163,37.79,ISLAND OF ZAKYNTHOS (ZAKINTHOS),20.9,,11,True,50,,,1,6.9,4,True,248,1,1633
,AZORES (PORTUGAL),,21,,,32.79541266033064,n,,,,,,,167,38.68,"VELAS, ILHA DE SAO JORGE, AZORES",-28.22,,12,True,73,,9,0,,3,True,255,1,1641
AKITA,JAPAN,,18,117,3,26.67746506208152,n,5969,,,,,,168,39.2167,KISAGATA,139.9,,10,True,85,,,1,6.9,4,True,259,1,1644
,TURKEY,,5,,,2.651450454343786,n,5970,,,,,,169,41.019,ISTANBUL (CONSTANTINOPLE),28.965,,4,True,50,,,1,,1,True,262,1,1646
ARICA Y PARINACOTA,CHILE,1,7,14,1,595.6149703712128,n,5971,,,,,,170,-18.467,ARICA,-70.333,,5,True,89,,,1,,2,True,263,1,1647
CALLAO,PERU,1,7,,,446.9116180294247,n,5971,,,,,,171,-12.05,CALLAO,-77.15,,5,True,89,,,1,,2,True,263,1,1647
,SOUTH KOREA,2,9,,,45.36464716507675,n,5972,,,,,,172,35.5,CHOLLA PROVINCE,126.5,,12,True,84,,,1,6.5,4,True,268,1,1649
BIOBIO,CHILE,3,15,40,1,11.553145293873607,n,1003,,23,,,3,183,-36.733,OLD CONCEPCION,-72.983,30,3,True,89,,,1,8,3,True,281,1,1657
KUMAMOTO,JAPAN,1,30,5,1,182.00585153347635,n,5975,,14,,,,185,33.284,BEPPU,131.493,,10,True,85,,1,1,7.9,4,True,291,1,1662
AICHI,JAPAN,,31,,2,17.773662583422865,n,5976,,,,,,187,34.8833,HANDA,136.9333,,5,True,85,,,1,6.4,3,True,294,1,1666
AICHI,JAPAN,,31,,,37.71611648876508,n,5976,,,,,,188,34.705,HIMAKAJIMA,137.005,,5,True,85,,,1,6.4,3,True,294,1,1666
AICHI,JAPAN,,31,,2,40.518186698707154,n,5976,,,,,,189,34.6758,SHINOJIMA,137.004,,5,True,85,,,1,6.4,3,True,294,1,1666
OKINAWA,JAPAN,,,,,0.0,n,6005,,,,,,190,25,SUKAMA,125.5,,,True,85,,,1,6.7,4,True,295,1,1667
,NORTH KOREA,1,31,,1,229.22528752904577,n,5977,,,,,1,191,39.767,CHOLSAN,124.633,,7,True,84,,,1,6.4,2,True,301,1,1668
,CHINA,,19,,3,212.99802088957532,n,6020,,,,,,192,31.4,CHIATING (JIADING),121.25,,8,True,84,,,1,6.8,4,True,304,1,1670
,CHINA,,19,,3,,n,6020,,,,,,193,,LUTIENCHEN,,,8,True,84,,,1,6.8,4,True,304,1,1670
,CHINA,,19,,3,196.10274460429432,n,6020,,,,,,194,31.73,PAU SHAN,121.05,,8,True,84,,,1,6.8,4,True,304,1,1670
,JAPAN,,17,,,,n,5978,,,,,,195,,UNAKAMI,,,12,True,85,,2,1,6.4,4,True,307,1,1670
,GREECE,,,,,165.7111247109074,n,1062,,,,,,196,36.8933,ISLAND OF KOS,27.2889,,,True,50,,,1,,1,True,308,1,1672
,TURKEY,,,,,20.149868859197028,n,5979,,,,,,197,39.82,ISLAND OF TENEDOS (BOZCAADA),26.03,,4,True,50,,,1,6.5,1,True,309,1,1672
,AZORES (PORTUGAL),2,,,,0.48154176005822075,n,,,,,,,207,38.73,"PRAIA DA VITORIA, TERCEIRA, AZORES",-27.07,,,True,73,,,0,,1,True,319,1,1676
IWATE,JAPAN,1,13,,1,176.9927007495117,n,1075,,,,,1,210,39.65,MIYAKO BAY,141.983,,4,True,85,,6,1,8.1,4,True,321,1,1677
IWATE,JAPAN,1,13,,1,192.73075337711637,n,1075,,,,,1,211,39.35,OTSUCHI,141.917,,4,True,85,,,1,8.1,4,True,321,1,1677
CHIBA,JAPAN,2,4,246,3,151.12304577969343,n,1076,,,,223,2,212,34.9,BOSO PENINSULA,139.85,,11,True,85,,,1,7.4,4,True,322,1,1677
CHIBA,JAPAN,,4,,,101.15575286406317,n,1076,,,,,,213,35.75,CHOSHI,140.867,,11,True,85,,5,1,7.4,4,True,322,1,1677
TOKYO,JAPAN,1,4,,,264.4343696596817,n,1076,,,,,,214,33.1,HACHIJO ISLAND,139.77,,11,True,85,,4,1,7.4,4,True,322,1,1677
CHIBA,JAPAN,,4,,,104.19747960348636,n,1076,,,,,,217,35.21617,IWAFUNE,140.38776,,11,True,85,,7,1,7.4,4,True,322,1,1677
CHIBA,JAPAN,,4,,,109.1703697264303,n,1076,,,,,,218,35.15,KATSUURA (KATSUURASHI),140.317,,11,True,85,,8,1,7.4,4,True,322,1,1677
FUKUSHIMA,JAPAN,,4,80,2,221.2038795816256,n,1076,,,,,,219,36.933,ONAHAMA,140.9,,11,True,85,,3,1,7.4,4,True,322,1,1677
MIYAGI,JAPAN,2,4,123,3,351.88035319376553,n,1076,,,,490,3,220,38.13,IWANUMA,140.87,,11,True,85,,4,1,7.4,4,True,322,1,1677
CHIBA,JAPAN,,4,,,226.783617409578,n,1076,,,,,,221,36.97,EAST IZU,140.83,,11,True,85,,2,1,7.4,4,True,322,1,1677
IBARAKI,JAPAN,,4,,,182.94588836301642,n,1076,,,,,,223,36.4833,KUJI,140.6167,,11,True,85,,2,1,7.4,4,True,322,1,1677
AICHI,JAPAN,1,4,,,,n,1076,,,,,,224,,ISE BAY,,,11,True,85,,,1,7.4,4,True,322,1,1677
CHIBA,JAPAN,,4,,,104.0288693259327,n,1076,,,,,,225,35.25,OHARA,140.4,,11,True,85,,4,1,7.4,4,True,322,1,1677
CHIBA,JAPAN,,4,,,105.32258804964015,n,1076,,,,,,227,35.1833,ONJUKU,140.3667,,11,True,85,,6,1,7.4,4,True,322,1,1677
AICHI,JAPAN,1,4,,,418.34814302559107,n,1076,,,,,,228,35.1667,OWARI,136.9167,,11,True,85,,,1,7.4,4,True,322,1,1677
CHIBA,JAPAN,,4,,,,n,1076,,,,,,230,,YASADO,,,11,True,85,,6,1,7.4,4,True,322,1,1677
ANCASH,PERU,3,18,,,38.8384852610862,n,1081,,1,,,3,231,-8.988,SANTA,-78.647,45,6,True,89,,,1,8.4,3,True,325,1,1678
MIYAGI,JAPAN,,20,,,15378.344946653164,n,1101,,10,,,,233,38.3,AYUKAWA,141.5,30,10,True,85,,2,1,8.5,4,True,337,1,1687
IWATE,JAPAN,,20,,,15300.597404350816,n,1101,,10,,,,234,39.267,KAMAISHI (SANRIKU),141.883,30,10,True,85,,0.5,1,8.5,4,True,337,1,1687
OKINAWA,JAPAN,,20,,,17125.362906822986,n,1101,,10,,,,236,26.167,"YONAGUSUKU, OKINAWA",127.833,30,10,True,85,,0.8,1,8.5,4,True,337,1,1687
CALLAO,PERU,1,20,500,3,175.2507226752274,n,1101,,10,1,,1,237,-12.05,CALLAO,-77.15,30,10,True,89,,,1,8.5,4,True,337,1,1687
ICA,PERU,1,20,,1,38.18262632603659,n,1101,,10,,,1,238,-13.71,PISCO,-76.22,30,10,True,89,,,1,8.5,4,True,337,1,1687
,JAMAICA,1,1,,,52.399247826202924,n,6012,,,,,,239,17.917,PORT ROYAL,-76.867,,3,True,74,,,1,,1,True,340,1,1688
VI,USA TERRITORY,,16,,,376.1442689260016,n,1119,F,,,,,241,18.367,VIRGIN ISLANDS,-64.933,,4,True,74,,,1,8,4,True,345,1,1690
,SAINT KITTS AND NEVIS,,16,,,125.49733861545415,n,1119,F,,,,,242,17.133,CHARLESTOWN (NEVIS),-62.617,,4,True,74,,,1,8,4,True,345,1,1690
NAGASAKI,JAPAN,3,16,1000,3,11.092690973753442,n,6997,,,,,3,248,34.3,TSUSHIMA,129.3,,4,True,85,,6,1,7,2,True,2690,1,1700
CHIBA,JAPAN,,30,,,24.123547020293948,n,1163,,17,,,,249,34.917,AINOHAMA,139.817,,12,True,85,,10,1,8.2,4,True,367,1,1703
SHIZUOKA,JAPAN,1,30,,,79.54143710537952,n,1163,,17,,,1,250,35.089,ATAMI,139.069,,12,True,85,,5,1,8.2,4,True,367,1,1703
CHIBA,JAPAN,4,30,125,3,22.654249310497022,n,1163,,17,,1020,4,251,34.9,BOSO PENINSULA,139.85,,12,True,85,,,1,8.2,4,True,367,1,1703
SHIZUOKA,JAPAN,,30,,,93.46467036969976,n,1163,,17,,,,252,35.1,CHIKUMA,138.9,,12,True,85,,8.8,1,8.2,4,True,367,1,1703
SHIZUOKA,JAPAN,,30,28,1,30.94341558656669,n,1163,,17,,,,253,34.95,CHIKURA REGION,139.95,,12,True,85,,5,1,8.2,4,True,367,1,1703
TOKYO,JAPAN,1,30,1,1,177.49466159997394,n,1163,,17,,,,255,33.1,HACHIJO ISLAND,139.77,,12,True,85,,3,1,8.2,4,True,367,1,1703
TSHIBA,JAPAN,2,30,,,103.52324063910501,n,1163,,17,,300,2,256,35.6,ICHIKAWA,140.1,,12,True,85,,5,1,8.2,4,True,367,1,1703
TSHIBA,JAPAN,2,30,20,1,80.67855697432306,n,1163,,17,,440,3,258,35.23,ISHUMI DISTRICT,140.4049,,12,True,85,,,1,8.2,4,True,367,1,1703
TOKYO,JAPAN,,30,,,105.39660177967212,n,1163,,17,,,,259,35.65,TOKYO BAY,139.8,,12,True,85,,8,1,8.2,4,True,367,1,1703
KANAGAWA,JAPAN,2,30,600,3,71.31280776197208,n,1163,,17,,,,260,35.309,KAMAKURA,139.55,,12,True,85,,,1,8.2,4,True,367,1,1703
CHIBA,JAPAN,,30,,,52.16338010264735,n,1163,,17,,,,261,35.1,KAMOGAWA,140.1,,12,True,85,,6.1,1,8.2,4,True,367,1,1703
SHIZUOKA,JAPAN,1,30,,,67.04256010484355,n,1163,,17,,,1,262,34.81,KATASE,139.08,,12,True,85,,6,1,8.2,4,True,367,1,1703
CHIBA,JAPAN,,30,,,68.72962017350375,n,1163,,17,,,,263,35.15,KATSUURA (KATSUURASHI),140.317,,12,True,85,,7.4,1,8.2,4,True,367,1,1703
SHIZUOKA,JAPAN,,30,,,71.15678907129409,n,1163,,17,,,,264,35.17,KAWANA,140.33,,12,True,85,,4,1,8.2,4,True,367,1,1703
CHIBA,JAPAN,2,30,100,2,60.80962166882739,n,1163,,17,,270,2,266,35.15,KOMINATO,140.18,,12,True,85,,6.1,1,8.2,4,True,367,1,1703
KANAGAWA,JAPAN,,30,,2,58.149582305069906,n,1163,,17,,,,267,35.22,KUJUKURIHAMA,139.72,,12,True,85,,6,1,8.2,4,True,367,1,1703
CHIBA,JAPAN,,30,,,50.26995654611832,n,1163,,17,,,,268,35.0775,NIEMONJIMA,140.10419,,12,True,85,,7,1,8.2,4,True,367,1,1703
KANAGAWA,JAPAN,,30,230,3,84.97012992404883,n,1163,,17,,,,269,35.256,ODAWARA,139.16,,12,True,85,,4,1,8.2,4,True,367,1,1703
KANAGAWA,JAPAN,2,30,,,90.60781553025808,n,1163,,17,,,2,270,35.5,KATAURA,139.6,,12,True,85,,4,1,8.2,4,True,367,1,1703
"IZU-OSHIMA, TOKYO",JAPAN,1,30,56,2,39.280872948509156,n,1163,,17,,58,1,271,34.783,"OKADA, OSHIMA ISLAND",139.383,,12,True,85,,10,1,8.2,4,True,367,1,1703
SHIZUOKA,JAPAN,1,30,37,1,77.97828295584931,n,1163,,17,,58,1,273,34.667,SHIMODA,138.95,,12,True,85,,3,1,8.2,4,True,367,1,1703
SHIZUOKA,JAPAN,,30,,,76.71399374275877,n,1163,,17,,,,274,35.046089,SHIMOTAGA,139.073589,,12,True,85,,5,1,8.2,4,True,367,1,1703
TOKYO,JAPAN,,30,,,102.26708469004552,n,1163,,17,,,,275,35.62,SHINAGAWA,139.73,,12,True,85,,2,1,8.2,4,True,367,1,1703
CHIBA,JAPAN,,30,,,31.726688442062763,n,1163,,17,,,,276,34.983,TATEYAMA,139.85,,12,True,85,,5.6,1,8.2,4,True,367,1,1703
CHIBA,JAPAN,,30,,,146.4612962198874,n,1163,,17,,,,277,35.7,TOGAWA,140.85,,12,True,85,,4,1,8.2,4,True,367,1,1703
CHIBA,JAPAN,,30,,,89.02250998782978,n,1163,,17,,,,278,35.347,TORAMI,140.377,,12,True,85,,6,1,8.2,4,True,367,1,1703
SHIZUOKA,JAPAN,1,30,300,3,73.7798021020072,n,1163,,17,,,1,280,35,USAMI,139.08,,12,True,85,,5,1,8.2,4,True,367,1,1703
CHIBA,JAPAN,,30,,,95.32514376422195,n,1163,,17,,,,282,35.54,WADA,140.02,,12,True,85,,10.5,1,8.2,4,True,367,1,1703
WAKAYAMA,JAPAN,1,,,,5.144185534963749,n,,,,,15,1,283,33.58,TAIJI,135.95,,,True,85,,,0,,2,True,368,1,1704
AICHI,JAPAN,2,28,32,1,301.60237841629765,n,1178,,5,,505,3,284,35,AICHI AND MIE,137.25,,10,True,85,,,1,8.4,4,True,377,1,1707
KOCHI,JAPAN,,28,,,59.46558638724091,n,1178,,5,,,,285,33.267,MUROTOMISAKI,134.167,,10,True,85,,6.5,1,8.4,4,True,377,1,1707
SHIZUOKA,JAPAN,3,28,11,1,426.62622122465945,n,1178,,5,,1168,4,286,34.8,"IZU PENINSULA, HONSHU",139,,10,True,85,,,1,8.4,4,True,377,1,1707
KOCHI,JAPAN,,28,200,3,145.16543946369328,n,1178,,5,,,,287,33.333,KURE,133.25,,10,True,85,,25.7,1,8.4,4,True,377,1,1707
OSAKA,JAPAN,,28,700,3,152.3089339771675,n,1178,,5,,603,3,290,34.5,OSAKA BAY,135.33,,10,True,85,,,1,8.4,4,True,377,1,1707
SHIZUOKA,JAPAN,,28,,,350.4843994844292,n,1178,,5,,,,292,34.63,SAGARA,138.18,,10,True,85,,5.5,1,8.4,4,True,377,1,1707
SHIZUOKA,JAPAN,,28,,,416.7269487672148,n,1178,,5,,,,293,34.667,SHIMODA,138.95,,10,True,85,,3.6,1,8.4,4,True,377,1,1707
